filename,label
Image_76.jpg,Worm Infection in Cat
Image_91.jpg,Worm Infection in Cat
Image_78.jpg,Worm Infection in Cat
Image_42.jpg,Worm Infection in Cat
Image_62.jpg,Worm Infection in Cat
Image_41.jpg,Worm Infection in Cat
Image_54.png,Worm Infection in Cat
Image_48.jpg,Worm Infection in Cat
Image_61.png,Worm Infection in Cat
Image_85.jpg,Worm Infection in Cat
Image_47.jpg,Worm Infection in Cat
Image_96.jpg,Worm Infection in Cat
Image_71.jpg,Worm Infection in Cat
Image_51.jpg,Worm Infection in Cat
Image_29.jpg,Worm Infection in Cat
Image_39.jpg,Worm Infection in Cat
Image_32.jpg,Worm Infection in Cat
Image_40.png,Worm Infection in Cat
Image_65.jpg,Worm Infection in Cat
Image_35.jpg,Worm Infection in Cat
Image_34.jpg,Worm Infection in Cat
Image_30.jpg,Worm Infection in Cat
Image_37.jpg,Worm Infection in Cat
Image_9.jpg,Worm Infection in Cat
Image_83.jpg,Worm Infection in Cat
Image_12.jpg,Worm Infection in Cat
Image_55.jpg,Worm Infection in Cat
Image_72.jpg,Worm Infection in Cat
Image_63.png,Worm Infection in Cat
Image_84.png,Worm Infection in Cat
Image_52.jpg,Worm Infection in Cat
Image_93.jpg,Worm Infection in Cat
Image_25.jpg,Worm Infection in Cat
Image_73.jpg,Worm Infection in Cat
Image_7.jpg,Worm Infection in Cat
Image_2.jpg,Worm Infection in Cat
Image_22.jpg,Worm Infection in Cat
Image_79.jpg,Worm Infection in Cat
Image_66.jpg,Worm Infection in Cat
Image_82.jpg,Worm Infection in Cat
Image_6.jpg,Worm Infection in Cat
Image_77.png,Worm Infection in Cat
Image_40.jpg,Worm Infection in Cat
Image_33.jpg,Worm Infection in Cat
Image_81.jpg,Worm Infection in Cat
Image_11.jpg,Worm Infection in Cat
Image_88.jpeg,Worm Infection in Cat
Image_59.jpg,Worm Infection in Cat
Image_36.jpg,Worm Infection in Cat
Image_60.jpg,Worm Infection in Cat
Image_50.jpg,Worm Infection in Cat
Image_87.jpg,Worm Infection in Cat
Image_69.jpg,Worm Infection in Cat
Image_70.jpg,Worm Infection in Cat
Image_4.jpg,Worm Infection in Cat
Image_75.jpg,Worm Infection in Cat
Image_18.jpg,Worm Infection in Cat
Image_43.jpg,Worm Infection in Cat
Image_46.jpg,Worm Infection in Cat
Image_90.jpg,Worm Infection in Cat
Image_58.jpg,Worm Infection in Cat
Image_8.jpg,Worm Infection in Cat
Image_44.jpg,Worm Infection in Cat
Image_3.jpg,Worm Infection in Cat
Image_24.jpg,Worm Infection in Cat
Image_1.jpg,Worm Infection in Cat
Image_74.jpg,Worm Infection in Cat
Image_64.jpg,Worm Infection in Cat
Image_27.jpg,Worm Infection in Cat
Image_38.jpg,Worm Infection in Cat
Image_20.jpg,Worm Infection in Cat
Image_16.jpg,Worm Infection in Cat
Image_99.jpg,Worm Infection in Cat
Image_23.jpg,Worm Infection in Cat
Image_56.jpg,Worm Infection in Cat
Image_95.jpg,Worm Infection in Cat
Image_67.jpg,Worm Infection in Cat
Image_14.jpg,Worm Infection in Cat
Image_68.jpg,Worm Infection in Cat
Image_28.jpg,Worm Infection in Cat
Image_86.jpg,Worm Infection in Cat
Image_57.jpg,Worm Infection in Cat
Image_38.png,Worm Infection in Cat
Image_89.jpg,Worm Infection in Cat
Image_92.jpg,Worm Infection in Cat
Image_31.jpg,Worm Infection in Cat
Image_53.jpg,Worm Infection in Cat
Image_49.jpg,Worm Infection in Cat
Image_5.jpg,Worm Infection in Cat
Image_10.jpg,Worm Infection in Cat
Image_45.png,Worm Infection in Cat
Image_45.jpg,Worm Infection in Cat
Image_80.jpg,Worm Infection in Cat
Image_19.jpg,Worm Infection in Cat
Image_17.jpg,Worm Infection in Cat
Image_41.png,Mange in Dog
Image_42.jpg,Mange in Dog
Image_62.jpg,Mange in Dog
Image_41.jpg,Mange in Dog
Image_48.jpg,Mange in Dog
Image_26.jpg,Mange in Dog
Image_54.jpg,Mange in Dog
Image_85.jpg,Mange in Dog
Image_47.jpg,Mange in Dog
Image_71.jpg,Mange in Dog
Image_51.jpg,Mange in Dog
Image_29.jpg,Mange in Dog
Image_39.jpg,Mange in Dog
Image_39.png,Mange in Dog
Image_32.jpg,Mange in Dog
Image_65.jpg,Mange in Dog
Image_35.jpg,Mange in Dog
Image_34.jpg,Mange in Dog
Image_30.jpg,Mange in Dog
Image_37.jpg,Mange in Dog
Image_9.jpg,Mange in Dog
Image_12.jpg,Mange in Dog
Image_55.jpg,Mange in Dog
Image_52.jpg,Mange in Dog
Image_7.jpg,Mange in Dog
Image_2.jpg,Mange in Dog
Image_68.jpeg,Mange in Dog
Image_22.jpg,Mange in Dog
Image_66.jpg,Mange in Dog
Image_6.jpg,Mange in Dog
Image_77.png,Mange in Dog
Image_40.jpg,Mange in Dog
Image_33.jpg,Mange in Dog
Image_11.jpg,Mange in Dog
Image_61.jpg,Mange in Dog
Image_36.jpg,Mange in Dog
Image_50.jpg,Mange in Dog
Image_70.jpg,Mange in Dog
Image_4.jpg,Mange in Dog
Image_18.jpg,Mange in Dog
Image_43.jpg,Mange in Dog
Image_46.jpg,Mange in Dog
Image_8.jpg,Mange in Dog
Image_3.jpg,Mange in Dog
Image_24.jpg,Mange in Dog
Image_1.jpg,Mange in Dog
Image_64.jpg,Mange in Dog
Image_27.jpg,Mange in Dog
Image_38.jpg,Mange in Dog
Image_20.jpg,Mange in Dog
Image_16.jpg,Mange in Dog
Image_23.jpg,Mange in Dog
Image_56.jpg,Mange in Dog
Image_67.jpg,Mange in Dog
Image_15.jpg,Mange in Dog
Image_28.jpg,Mange in Dog
Image_86.jpg,Mange in Dog
Image_57.jpg,Mange in Dog
Image_88.jpg,Mange in Dog
Image_89.jpg,Mange in Dog
Image_31.jpg,Mange in Dog
Image_53.jpg,Mange in Dog
Image_49.jpg,Mange in Dog
Image_13.jpg,Mange in Dog
Image_5.jpg,Mange in Dog
Image_10.jpg,Mange in Dog
Image_45.jpg,Mange in Dog
Image_21.jpg,Mange in Dog
Image_19.jpg,Mange in Dog
Image_94.png,Mange in Dog
Image_17.jpg,Mange in Dog
Image_41.jpeg,Ringworm in Cat
Image_76.jpg,Ringworm in Cat
Image_42.jpg,Ringworm in Cat
Image_41.jpg,Ringworm in Cat
Image_48.jpg,Ringworm in Cat
Image_26.jpg,Ringworm in Cat
Image_47.jpg,Ringworm in Cat
Image_51.jpg,Ringworm in Cat
Image_29.jpg,Ringworm in Cat
Image_39.jpg,Ringworm in Cat
Image_39.png,Ringworm in Cat
Image_32.jpg,Ringworm in Cat
Image_40.png,Ringworm in Cat
Image_46.png,Ringworm in Cat
Image_37.jpg,Ringworm in Cat
Image_9.jpg,Ringworm in Cat
Image_12.jpg,Ringworm in Cat
Image_55.jpg,Ringworm in Cat
Image_17.png,Ringworm in Cat
Image_21.png,Ringworm in Cat
Image_25.jpg,Ringworm in Cat
Image_73.jpg,Ringworm in Cat
Image_7.jpg,Ringworm in Cat
Image_2.jpg,Ringworm in Cat
Image_22.jpg,Ringworm in Cat
Image_85.jpeg,Ringworm in Cat
Image_6.jpg,Ringworm in Cat
Image_33.jpg,Ringworm in Cat
Image_94.jpg,Ringworm in Cat
Image_11.jpg,Ringworm in Cat
Image_59.jpg,Ringworm in Cat
Image_61.jpg,Ringworm in Cat
Image_36.jpg,Ringworm in Cat
Image_48.png,Ringworm in Cat
Image_50.jpg,Ringworm in Cat
Image_40.jpeg,Ringworm in Cat
Image_69.jpg,Ringworm in Cat
Image_4.jpg,Ringworm in Cat
Image_63.jpg,Ringworm in Cat
Image_18.jpg,Ringworm in Cat
Image_43.jpg,Ringworm in Cat
Image_46.jpg,Ringworm in Cat
Image_58.jpg,Ringworm in Cat
Image_8.jpg,Ringworm in Cat
Image_44.jpg,Ringworm in Cat
Image_3.jpg,Ringworm in Cat
Image_24.jpg,Ringworm in Cat
Image_1.jpg,Ringworm in Cat
Image_27.jpg,Ringworm in Cat
Image_38.jpg,Ringworm in Cat
Image_20.jpg,Ringworm in Cat
Image_16.jpg,Ringworm in Cat
Image_99.jpg,Ringworm in Cat
Image_23.jpg,Ringworm in Cat
Image_14.jpg,Ringworm in Cat
Image_15.jpg,Ringworm in Cat
Image_28.jpg,Ringworm in Cat
Image_57.jpg,Ringworm in Cat
Image_31.jpg,Ringworm in Cat
Image_53.jpg,Ringworm in Cat
Image_13.jpg,Ringworm in Cat
Image_56.png,Ringworm in Cat
Image_5.jpg,Ringworm in Cat
Image_10.jpg,Ringworm in Cat
Image_45.jpg,Ringworm in Cat
Image_19.jpg,Ringworm in Cat
Image_76.jpg,Kennel Cough in Dog
Image_100.jpg,Kennel Cough in Dog
Image_42.jpg,Kennel Cough in Dog
Image_41.jpg,Kennel Cough in Dog
Image_66.png,Kennel Cough in Dog
Image_26.jpg,Kennel Cough in Dog
Image_47.jpg,Kennel Cough in Dog
Image_71.jpg,Kennel Cough in Dog
Image_64.png,Kennel Cough in Dog
Image_39.jpg,Kennel Cough in Dog
Image_40.png,Kennel Cough in Dog
Image_7.png,Kennel Cough in Dog
Image_98.jpg,Kennel Cough in Dog
Image_14.png,Kennel Cough in Dog
Image_35.jpg,Kennel Cough in Dog
Image_34.jpg,Kennel Cough in Dog
Image_44.jpeg,Kennel Cough in Dog
Image_30.jpg,Kennel Cough in Dog
Image_37.jpg,Kennel Cough in Dog
Image_9.jpg,Kennel Cough in Dog
Image_12.jpg,Kennel Cough in Dog
Image_55.jpg,Kennel Cough in Dog
Image_72.jpg,Kennel Cough in Dog
Image_61.jpeg,Kennel Cough in Dog
Image_84.jpg,Kennel Cough in Dog
Image_52.jpg,Kennel Cough in Dog
Image_93.jpg,Kennel Cough in Dog
Image_25.jpg,Kennel Cough in Dog
Image_73.jpg,Kennel Cough in Dog
Image_2.jpg,Kennel Cough in Dog
Image_51.png,Kennel Cough in Dog
Image_22.jpg,Kennel Cough in Dog
Image_79.jpg,Kennel Cough in Dog
Image_48.jpeg,Kennel Cough in Dog
Image_6.jpg,Kennel Cough in Dog
Image_77.png,Kennel Cough in Dog
Image_33.jpg,Kennel Cough in Dog
Image_81.jpg,Kennel Cough in Dog
Image_11.jpg,Kennel Cough in Dog
Image_59.jpg,Kennel Cough in Dog
Image_82.png,Kennel Cough in Dog
Image_60.jpg,Kennel Cough in Dog
Image_50.jpg,Kennel Cough in Dog
Image_87.jpg,Kennel Cough in Dog
Image_69.jpg,Kennel Cough in Dog
Image_70.jpg,Kennel Cough in Dog
Image_63.jpg,Kennel Cough in Dog
Image_18.jpg,Kennel Cough in Dog
Image_43.jpg,Kennel Cough in Dog
Image_46.jpg,Kennel Cough in Dog
Image_65.jpeg,Kennel Cough in Dog
Image_58.jpg,Kennel Cough in Dog
Image_24.jpg,Kennel Cough in Dog
Image_1.jpg,Kennel Cough in Dog
Image_20.png,Kennel Cough in Dog
Image_27.jpg,Kennel Cough in Dog
Image_74.png,Kennel Cough in Dog
Image_16.jpg,Kennel Cough in Dog
Image_56.jpg,Kennel Cough in Dog
Image_95.jpg,Kennel Cough in Dog
Image_67.jpg,Kennel Cough in Dog
Image_68.jpg,Kennel Cough in Dog
Image_86.jpg,Kennel Cough in Dog
Image_57.jpg,Kennel Cough in Dog
Image_38.png,Kennel Cough in Dog
Image_23.png,Kennel Cough in Dog
Image_89.jpg,Kennel Cough in Dog
Image_92.jpg,Kennel Cough in Dog
Image_53.jpg,Kennel Cough in Dog
Image_49.jpg,Kennel Cough in Dog
Image_5.jpg,Kennel Cough in Dog
Image_10.jpg,Kennel Cough in Dog
Image_21.jpg,Kennel Cough in Dog
Image_90.png,Kennel Cough in Dog
Image_19.jpg,Kennel Cough in Dog
Image_17.jpg,Kennel Cough in Dog
Image_76.jpg,Ear Mites in Cat
Image_100.jpg,Ear Mites in Cat
Image_42.jpg,Ear Mites in Cat
Image_26.jpeg,Ear Mites in Cat
Image_41.jpg,Ear Mites in Cat
Image_66.png,Ear Mites in Cat
Image_26.jpg,Ear Mites in Cat
Image_54.jpg,Ear Mites in Cat
Image_92.png,Ear Mites in Cat
Image_47.jpg,Ear Mites in Cat
Image_23.jpeg,Ear Mites in Cat
Image_51.jpg,Ear Mites in Cat
Image_29.jpg,Ear Mites in Cat
Image_39.jpg,Ear Mites in Cat
Image_32.jpg,Ear Mites in Cat
Image_35.jpg,Ear Mites in Cat
Image_34.jpg,Ear Mites in Cat
Image_30.jpg,Ear Mites in Cat
Image_37.jpg,Ear Mites in Cat
Image_9.jpg,Ear Mites in Cat
Image_12.jpg,Ear Mites in Cat
Image_55.jpg,Ear Mites in Cat
Image_84.jpg,Ear Mites in Cat
Image_52.jpg,Ear Mites in Cat
Image_25.jpg,Ear Mites in Cat
Image_32.png,Ear Mites in Cat
Image_31.png,Ear Mites in Cat
Image_2.jpg,Ear Mites in Cat
Image_30.png,Ear Mites in Cat
Image_6.jpg,Ear Mites in Cat
Image_40.jpg,Ear Mites in Cat
Image_11.jpg,Ear Mites in Cat
Image_61.jpg,Ear Mites in Cat
Image_36.jpg,Ear Mites in Cat
Image_85.png,Ear Mites in Cat
Image_4.jpg,Ear Mites in Cat
Image_18.jpg,Ear Mites in Cat
Image_71.png,Ear Mites in Cat
Image_43.jpg,Ear Mites in Cat
Image_25.png,Ear Mites in Cat
Image_46.jpg,Ear Mites in Cat
Image_22.jpeg,Ear Mites in Cat
Image_29.png,Ear Mites in Cat
Image_8.jpg,Ear Mites in Cat
Image_44.jpg,Ear Mites in Cat
Image_3.jpg,Ear Mites in Cat
Image_64.jpg,Ear Mites in Cat
Image_27.jpg,Ear Mites in Cat
Image_38.jpg,Ear Mites in Cat
Image_20.jpg,Ear Mites in Cat
Image_16.jpg,Ear Mites in Cat
Image_99.jpg,Ear Mites in Cat
Image_14.jpg,Ear Mites in Cat
Image_15.jpg,Ear Mites in Cat
Image_53.jpg,Ear Mites in Cat
Image_49.jpg,Ear Mites in Cat
Image_13.jpg,Ear Mites in Cat
Image_36.jpeg,Ear Mites in Cat
Image_5.jpg,Ear Mites in Cat
Image_10.jpg,Ear Mites in Cat
Image_45.jpg,Ear Mites in Cat
Image_93.png,Ear Mites in Cat
Image_58.jpeg,Ear Mites in Cat
Image_76.jpg,Fungal Infection in Dog
Image_42.jpg,Fungal Infection in Dog
Image_98.jpeg,Fungal Infection in Dog
Image_62.jpg,Fungal Infection in Dog
Image_41.jpg,Fungal Infection in Dog
Image_48.jpg,Fungal Infection in Dog
Image_61.png,Fungal Infection in Dog
Image_26.jpg,Fungal Infection in Dog
Image_54.jpg,Fungal Infection in Dog
Image_85.jpg,Fungal Infection in Dog
Image_47.jpg,Fungal Infection in Dog
Image_96.jpg,Fungal Infection in Dog
Image_51.jpg,Fungal Infection in Dog
Image_29.jpg,Fungal Infection in Dog
Image_39.jpg,Fungal Infection in Dog
Image_32.jpg,Fungal Infection in Dog
Image_40.png,Fungal Infection in Dog
Image_65.jpg,Fungal Infection in Dog
Image_34.jpg,Fungal Infection in Dog
Image_37.jpg,Fungal Infection in Dog
Image_9.jpg,Fungal Infection in Dog
Image_10.png,Fungal Infection in Dog
Image_55.jpg,Fungal Infection in Dog
Image_72.jpg,Fungal Infection in Dog
Image_84.jpg,Fungal Infection in Dog
Image_52.jpg,Fungal Infection in Dog
Image_73.jpg,Fungal Infection in Dog
Image_7.jpg,Fungal Infection in Dog
Image_2.jpg,Fungal Infection in Dog
Image_22.jpg,Fungal Infection in Dog
Image_66.jpg,Fungal Infection in Dog
Image_6.jpg,Fungal Infection in Dog
Image_33.jpg,Fungal Infection in Dog
Image_81.jpg,Fungal Infection in Dog
Image_94.jpg,Fungal Infection in Dog
Image_11.jpg,Fungal Infection in Dog
Image_59.jpg,Fungal Infection in Dog
Image_50.jpg,Fungal Infection in Dog
Image_69.jpg,Fungal Infection in Dog
Image_70.jpg,Fungal Infection in Dog
Image_77.jpg,Fungal Infection in Dog
Image_63.jpg,Fungal Infection in Dog
Image_8.jpeg,Fungal Infection in Dog
Image_18.jpg,Fungal Infection in Dog
Image_43.jpg,Fungal Infection in Dog
Image_46.jpg,Fungal Infection in Dog
Image_97.jpg,Fungal Infection in Dog
Image_87.png,Fungal Infection in Dog
Image_29.png,Fungal Infection in Dog
Image_90.jpg,Fungal Infection in Dog
Image_58.jpg,Fungal Infection in Dog
Image_3.jpg,Fungal Infection in Dog
Image_24.jpg,Fungal Infection in Dog
Image_1.jpg,Fungal Infection in Dog
Image_74.jpg,Fungal Infection in Dog
Image_64.jpg,Fungal Infection in Dog
Image_27.jpg,Fungal Infection in Dog
Image_20.jpg,Fungal Infection in Dog
Image_16.jpg,Fungal Infection in Dog
Image_56.jpg,Fungal Infection in Dog
Image_67.jpg,Fungal Infection in Dog
Image_14.jpg,Fungal Infection in Dog
Image_9.png,Fungal Infection in Dog
Image_15.jpg,Fungal Infection in Dog
Image_28.png,Fungal Infection in Dog
Image_68.jpg,Fungal Infection in Dog
Image_28.jpg,Fungal Infection in Dog
Image_57.jpg,Fungal Infection in Dog
Image_88.jpg,Fungal Infection in Dog
Image_89.jpg,Fungal Infection in Dog
Image_31.jpg,Fungal Infection in Dog
Image_53.jpg,Fungal Infection in Dog
Image_50.png,Fungal Infection in Dog
Image_49.jpg,Fungal Infection in Dog
Image_13.jpg,Fungal Infection in Dog
Image_5.jpg,Fungal Infection in Dog
Image_10.jpg,Fungal Infection in Dog
Image_45.jpg,Fungal Infection in Dog
Image_21.jpg,Fungal Infection in Dog
Image_80.jpg,Fungal Infection in Dog
Image_19.jpg,Fungal Infection in Dog
Image_17.jpg,Fungal Infection in Dog
Image_76.jpg,Dental Disease in Dog
Image_100.jpg,Dental Disease in Dog
Image_42.jpg,Dental Disease in Dog
Image_67.png,Dental Disease in Dog
Image_48.jpg,Dental Disease in Dog
Image_26.jpg,Dental Disease in Dog
Image_54.jpg,Dental Disease in Dog
Image_85.jpg,Dental Disease in Dog
Image_47.jpg,Dental Disease in Dog
Image_51.jpg,Dental Disease in Dog
Image_29.jpg,Dental Disease in Dog
Image_39.jpg,Dental Disease in Dog
Image_39.png,Dental Disease in Dog
Image_32.jpg,Dental Disease in Dog
Image_65.jpg,Dental Disease in Dog
Image_98.jpg,Dental Disease in Dog
Image_35.jpg,Dental Disease in Dog
Image_34.jpg,Dental Disease in Dog
Image_62.png,Dental Disease in Dog
Image_30.jpg,Dental Disease in Dog
Image_37.jpg,Dental Disease in Dog
Image_9.jpg,Dental Disease in Dog
Image_70.png,Dental Disease in Dog
Image_55.jpg,Dental Disease in Dog
Image_72.jpg,Dental Disease in Dog
Image_17.png,Dental Disease in Dog
Image_63.png,Dental Disease in Dog
Image_52.jpg,Dental Disease in Dog
Image_21.png,Dental Disease in Dog
Image_73.jpg,Dental Disease in Dog
Image_31.png,Dental Disease in Dog
Image_2.jpg,Dental Disease in Dog
Image_22.jpg,Dental Disease in Dog
Image_79.jpg,Dental Disease in Dog
Image_6.jpg,Dental Disease in Dog
Image_77.png,Dental Disease in Dog
Image_40.jpg,Dental Disease in Dog
Image_33.jpg,Dental Disease in Dog
Image_81.jpg,Dental Disease in Dog
Image_59.jpg,Dental Disease in Dog
Image_61.jpg,Dental Disease in Dog
Image_36.jpg,Dental Disease in Dog
Image_48.png,Dental Disease in Dog
Image_50.jpg,Dental Disease in Dog
Image_4.jpg,Dental Disease in Dog
Image_69.png,Dental Disease in Dog
Image_75.jpg,Dental Disease in Dog
Image_18.jpg,Dental Disease in Dog
Image_43.jpg,Dental Disease in Dog
Image_46.jpg,Dental Disease in Dog
Image_25.jpeg,Dental Disease in Dog
Image_58.jpg,Dental Disease in Dog
Image_8.jpg,Dental Disease in Dog
Image_11.png,Dental Disease in Dog
Image_24.jpg,Dental Disease in Dog
Image_74.jpg,Dental Disease in Dog
Image_64.jpg,Dental Disease in Dog
Image_27.jpg,Dental Disease in Dog
Image_38.jpg,Dental Disease in Dog
Image_20.jpg,Dental Disease in Dog
Image_16.jpg,Dental Disease in Dog
Image_56.jpg,Dental Disease in Dog
Image_14.jpg,Dental Disease in Dog
Image_15.jpg,Dental Disease in Dog
Image_13.png,Dental Disease in Dog
Image_68.jpg,Dental Disease in Dog
Image_28.jpg,Dental Disease in Dog
Image_57.jpg,Dental Disease in Dog
Image_15.png,Dental Disease in Dog
Image_1.png,Dental Disease in Dog
Image_23.png,Dental Disease in Dog
Image_12.png,Dental Disease in Dog
Image_89.jpg,Dental Disease in Dog
Image_49.jpg,Dental Disease in Dog
Image_13.jpg,Dental Disease in Dog
Image_5.jpg,Dental Disease in Dog
Image_10.jpg,Dental Disease in Dog
Image_45.png,Dental Disease in Dog
Image_45.jpg,Dental Disease in Dog
Image_21.jpg,Dental Disease in Dog
Image_19.jpg,Dental Disease in Dog
Image_17.jpg,Dental Disease in Dog
Image_76.jpg,Scabies in Cat
Image_91.jpg,Scabies in Cat
Image_78.jpg,Scabies in Cat
Image_42.jpg,Scabies in Cat
Image_48.jpg,Scabies in Cat
Image_54.jpg,Scabies in Cat
Image_47.jpg,Scabies in Cat
Image_96.jpg,Scabies in Cat
Image_71.jpg,Scabies in Cat
Image_51.jpg,Scabies in Cat
Image_39.jpg,Scabies in Cat
Image_65.jpg,Scabies in Cat
Image_98.jpg,Scabies in Cat
Image_74.jpeg,Scabies in Cat
Image_83.jpg,Scabies in Cat
Image_55.jpg,Scabies in Cat
Image_72.jpg,Scabies in Cat
Image_84.jpg,Scabies in Cat
Image_52.jpg,Scabies in Cat
Image_93.jpg,Scabies in Cat
Image_73.jpg,Scabies in Cat
Image_7.jpg,Scabies in Cat
Image_2.jpg,Scabies in Cat
Image_22.jpg,Scabies in Cat
Image_79.jpg,Scabies in Cat
Image_85.jpeg,Scabies in Cat
Image_66.jpg,Scabies in Cat
Image_82.jpg,Scabies in Cat
Image_6.jpg,Scabies in Cat
Image_94.jpg,Scabies in Cat
Image_11.jpg,Scabies in Cat
Image_59.jpg,Scabies in Cat
Image_61.jpg,Scabies in Cat
Image_36.jpg,Scabies in Cat
Image_60.jpg,Scabies in Cat
Image_50.jpg,Scabies in Cat
Image_87.jpg,Scabies in Cat
Image_42.png,Scabies in Cat
Image_77.jpg,Scabies in Cat
Image_4.jpg,Scabies in Cat
Image_69.png,Scabies in Cat
Image_75.jpg,Scabies in Cat
Image_43.png,Scabies in Cat
Image_18.jpg,Scabies in Cat
Image_43.jpg,Scabies in Cat
Image_46.jpg,Scabies in Cat
Image_90.jpg,Scabies in Cat
Image_58.jpg,Scabies in Cat
Image_8.jpg,Scabies in Cat
Image_44.jpg,Scabies in Cat
Image_3.jpg,Scabies in Cat
Image_24.jpg,Scabies in Cat
Image_1.jpg,Scabies in Cat
Image_64.jpg,Scabies in Cat
Image_27.jpg,Scabies in Cat
Image_16.jpg,Scabies in Cat
Image_99.jpg,Scabies in Cat
Image_23.jpg,Scabies in Cat
Image_67.jpg,Scabies in Cat
Image_14.jpg,Scabies in Cat
Image_15.jpg,Scabies in Cat
Image_68.jpg,Scabies in Cat
Image_28.jpg,Scabies in Cat
Image_86.jpg,Scabies in Cat
Image_57.jpg,Scabies in Cat
Image_89.jpg,Scabies in Cat
Image_53.jpg,Scabies in Cat
Image_49.jpg,Scabies in Cat
Image_13.jpg,Scabies in Cat
Image_5.jpg,Scabies in Cat
Image_10.jpg,Scabies in Cat
Image_45.jpg,Scabies in Cat
Image_21.jpg,Scabies in Cat
Image_80.jpg,Scabies in Cat
Image_19.jpg,Scabies in Cat
Image_17.jpg,Scabies in Cat
Image_35.png,Worm Infection in Dog
Image_91.jpg,Worm Infection in Dog
Image_42.jpg,Worm Infection in Dog
Image_62.jpg,Worm Infection in Dog
Image_41.jpg,Worm Infection in Dog
Image_54.png,Worm Infection in Dog
Image_48.jpg,Worm Infection in Dog
Image_26.jpg,Worm Infection in Dog
Image_85.jpg,Worm Infection in Dog
Image_47.jpg,Worm Infection in Dog
Image_96.jpg,Worm Infection in Dog
Image_71.jpg,Worm Infection in Dog
Image_51.jpg,Worm Infection in Dog
Image_29.jpg,Worm Infection in Dog
Image_32.jpg,Worm Infection in Dog
Image_7.png,Worm Infection in Dog
Image_65.jpg,Worm Infection in Dog
Image_35.jpg,Worm Infection in Dog
Image_34.jpg,Worm Infection in Dog
Image_30.jpg,Worm Infection in Dog
Image_37.jpg,Worm Infection in Dog
Image_9.jpg,Worm Infection in Dog
Image_83.jpg,Worm Infection in Dog
Image_12.jpg,Worm Infection in Dog
Image_72.jpg,Worm Infection in Dog
Image_52.jpeg,Worm Infection in Dog
Image_93.jpg,Worm Infection in Dog
Image_25.jpg,Worm Infection in Dog
Image_73.jpg,Worm Infection in Dog
Image_7.jpg,Worm Infection in Dog
Image_2.jpg,Worm Infection in Dog
Image_22.jpg,Worm Infection in Dog
Image_79.jpg,Worm Infection in Dog
Image_66.jpg,Worm Infection in Dog
Image_6.png,Worm Infection in Dog
Image_6.jpg,Worm Infection in Dog
Image_40.jpg,Worm Infection in Dog
Image_33.jpg,Worm Infection in Dog
Image_81.jpg,Worm Infection in Dog
Image_11.jpg,Worm Infection in Dog
Image_59.jpg,Worm Infection in Dog
Image_36.jpg,Worm Infection in Dog
Image_8.png,Worm Infection in Dog
Image_50.jpg,Worm Infection in Dog
Image_87.jpg,Worm Infection in Dog
Image_69.jpg,Worm Infection in Dog
Image_77.jpg,Worm Infection in Dog
Image_4.jpg,Worm Infection in Dog
Image_63.jpg,Worm Infection in Dog
Image_18.jpg,Worm Infection in Dog
Image_43.jpg,Worm Infection in Dog
Image_46.jpg,Worm Infection in Dog
Image_97.jpg,Worm Infection in Dog
Image_90.jpg,Worm Infection in Dog
Image_58.jpg,Worm Infection in Dog
Image_8.jpg,Worm Infection in Dog
Image_3.jpg,Worm Infection in Dog
Image_24.jpg,Worm Infection in Dog
Image_1.jpg,Worm Infection in Dog
Image_64.jpg,Worm Infection in Dog
Image_27.jpg,Worm Infection in Dog
Image_74.png,Worm Infection in Dog
Image_20.jpg,Worm Infection in Dog
Image_16.jpg,Worm Infection in Dog
Image_23.jpg,Worm Infection in Dog
Image_56.jpg,Worm Infection in Dog
Image_95.jpg,Worm Infection in Dog
Image_67.jpg,Worm Infection in Dog
Image_14.jpg,Worm Infection in Dog
Image_9.png,Worm Infection in Dog
Image_15.jpg,Worm Infection in Dog
Image_37.png,Worm Infection in Dog
Image_68.jpg,Worm Infection in Dog
Image_28.jpg,Worm Infection in Dog
Image_86.jpg,Worm Infection in Dog
Image_57.jpg,Worm Infection in Dog
Image_31.jpg,Worm Infection in Dog
Image_53.jpg,Worm Infection in Dog
Image_49.jpg,Worm Infection in Dog
Image_13.jpg,Worm Infection in Dog
Image_5.jpg,Worm Infection in Dog
Image_45.jpg,Worm Infection in Dog
Image_21.jpg,Worm Infection in Dog
Image_80.jpg,Worm Infection in Dog
Image_19.jpg,Worm Infection in Dog
Image_17.jpg,Worm Infection in Dog
Image_99.png,Worm Infection in Dog
Image_68.png,Hot Spots in Dog
Image_100.jpg,Hot Spots in Dog
Image_91.jpg,Hot Spots in Dog
Image_78.jpg,Hot Spots in Dog
Image_42.jpg,Hot Spots in Dog
Image_62.jpg,Hot Spots in Dog
Image_41.jpg,Hot Spots in Dog
Image_89.png,Hot Spots in Dog
Image_48.jpg,Hot Spots in Dog
Image_26.jpg,Hot Spots in Dog
Image_54.jpg,Hot Spots in Dog
Image_85.jpg,Hot Spots in Dog
Image_47.jpg,Hot Spots in Dog
Image_71.jpg,Hot Spots in Dog
Image_51.jpg,Hot Spots in Dog
Image_29.jpg,Hot Spots in Dog
Image_39.jpg,Hot Spots in Dog
Image_32.jpg,Hot Spots in Dog
Image_65.jpg,Hot Spots in Dog
Image_98.jpg,Hot Spots in Dog
Image_34.jpg,Hot Spots in Dog
Image_74.jpeg,Hot Spots in Dog
Image_37.jpg,Hot Spots in Dog
Image_9.jpg,Hot Spots in Dog
Image_12.jpg,Hot Spots in Dog
Image_55.jpg,Hot Spots in Dog
Image_72.jpg,Hot Spots in Dog
Image_84.jpg,Hot Spots in Dog
Image_49.png,Hot Spots in Dog
Image_25.jpg,Hot Spots in Dog
Image_73.jpg,Hot Spots in Dog
Image_7.jpg,Hot Spots in Dog
Image_88.png,Hot Spots in Dog
Image_47.png,Hot Spots in Dog
Image_2.jpg,Hot Spots in Dog
Image_22.jpg,Hot Spots in Dog
Image_79.jpg,Hot Spots in Dog
Image_66.jpg,Hot Spots in Dog
Image_82.jpg,Hot Spots in Dog
Image_6.png,Hot Spots in Dog
Image_6.jpg,Hot Spots in Dog
Image_77.png,Hot Spots in Dog
Image_40.jpg,Hot Spots in Dog
Image_33.jpg,Hot Spots in Dog
Image_81.jpg,Hot Spots in Dog
Image_11.jpg,Hot Spots in Dog
Image_59.jpg,Hot Spots in Dog
Image_61.jpg,Hot Spots in Dog
Image_36.jpg,Hot Spots in Dog
Image_50.jpg,Hot Spots in Dog
Image_87.jpg,Hot Spots in Dog
Image_69.jpg,Hot Spots in Dog
Image_70.jpg,Hot Spots in Dog
Image_4.jpg,Hot Spots in Dog
Image_63.jpg,Hot Spots in Dog
Image_18.jpg,Hot Spots in Dog
Image_43.jpg,Hot Spots in Dog
Image_46.jpg,Hot Spots in Dog
Image_2.jpeg,Hot Spots in Dog
Image_97.jpg,Hot Spots in Dog
Image_90.jpg,Hot Spots in Dog
Image_58.jpg,Hot Spots in Dog
Image_44.jpg,Hot Spots in Dog
Image_3.jpg,Hot Spots in Dog
Image_24.jpg,Hot Spots in Dog
Image_1.jpg,Hot Spots in Dog
Image_64.jpg,Hot Spots in Dog
Image_27.jpg,Hot Spots in Dog
Image_38.jpg,Hot Spots in Dog
Image_16.jpg,Hot Spots in Dog
Image_99.jpg,Hot Spots in Dog
Image_23.jpg,Hot Spots in Dog
Image_56.jpg,Hot Spots in Dog
Image_67.jpg,Hot Spots in Dog
Image_76.png,Hot Spots in Dog
Image_14.jpg,Hot Spots in Dog
Image_52.png,Hot Spots in Dog
Image_15.jpg,Hot Spots in Dog
Image_5.png,Hot Spots in Dog
Image_57.jpg,Hot Spots in Dog
Image_92.jpg,Hot Spots in Dog
Image_31.jpg,Hot Spots in Dog
Image_53.jpg,Hot Spots in Dog
Image_49.jpg,Hot Spots in Dog
Image_5.jpg,Hot Spots in Dog
Image_10.jpg,Hot Spots in Dog
Image_45.jpg,Hot Spots in Dog
Image_21.jpg,Hot Spots in Dog
Image_3.jpeg,Hot Spots in Dog
Image_19.jpg,Hot Spots in Dog
Image_68.png,Parvovirus in Dog
Image_33.png,Parvovirus in Dog
Image_76.jpg,Parvovirus in Dog
Image_41.png,Parvovirus in Dog
Image_42.jpg,Parvovirus in Dog
Image_62.jpg,Parvovirus in Dog
Image_13.jpeg,Parvovirus in Dog
Image_41.jpg,Parvovirus in Dog
Image_48.jpg,Parvovirus in Dog
Image_26.jpg,Parvovirus in Dog
Image_54.jpg,Parvovirus in Dog
Image_71.jpg,Parvovirus in Dog
Image_46.jpeg,Parvovirus in Dog
Image_51.jpg,Parvovirus in Dog
Image_39.jpg,Parvovirus in Dog
Image_65.jpg,Parvovirus in Dog
Image_34.jpg,Parvovirus in Dog
Image_37.jpg,Parvovirus in Dog
Image_9.jpg,Parvovirus in Dog
Image_55.jpg,Parvovirus in Dog
Image_72.jpg,Parvovirus in Dog
Image_84.jpg,Parvovirus in Dog
Image_52.jpg,Parvovirus in Dog
Image_93.jpg,Parvovirus in Dog
Image_21.png,Parvovirus in Dog
Image_25.jpg,Parvovirus in Dog
Image_32.png,Parvovirus in Dog
Image_88.png,Parvovirus in Dog
Image_31.png,Parvovirus in Dog
Image_2.jpg,Parvovirus in Dog
Image_30.png,Parvovirus in Dog
Image_22.jpg,Parvovirus in Dog
Image_79.jpg,Parvovirus in Dog
Image_66.jpg,Parvovirus in Dog
Image_6.jpg,Parvovirus in Dog
Image_33.jpg,Parvovirus in Dog
Image_11.jpg,Parvovirus in Dog
Image_59.jpg,Parvovirus in Dog
Image_61.jpg,Parvovirus in Dog
Image_36.png,Parvovirus in Dog
Image_36.jpg,Parvovirus in Dog
Image_60.jpg,Parvovirus in Dog
Image_48.png,Parvovirus in Dog
Image_50.jpg,Parvovirus in Dog
Image_87.jpg,Parvovirus in Dog
Image_69.jpg,Parvovirus in Dog
Image_70.jpg,Parvovirus in Dog
Image_4.jpg,Parvovirus in Dog
Image_63.jpg,Parvovirus in Dog
Image_75.jpg,Parvovirus in Dog
Image_18.jpg,Parvovirus in Dog
Image_46.jpg,Parvovirus in Dog
Image_97.jpg,Parvovirus in Dog
Image_90.jpg,Parvovirus in Dog
Image_3.jpg,Parvovirus in Dog
Image_5.jpeg,Parvovirus in Dog
Image_24.jpg,Parvovirus in Dog
Image_74.jpg,Parvovirus in Dog
Image_20.png,Parvovirus in Dog
Image_64.jpg,Parvovirus in Dog
Image_38.jpg,Parvovirus in Dog
Image_58.png,Parvovirus in Dog
Image_20.jpg,Parvovirus in Dog
Image_14.jpeg,Parvovirus in Dog
Image_23.jpg,Parvovirus in Dog
Image_56.jpg,Parvovirus in Dog
Image_67.jpg,Parvovirus in Dog
Image_86.jpg,Parvovirus in Dog
Image_57.jpg,Parvovirus in Dog
Image_44.png,Parvovirus in Dog
Image_15.png,Parvovirus in Dog
Image_38.png,Parvovirus in Dog
Image_92.jpg,Parvovirus in Dog
Image_22.png,Parvovirus in Dog
Image_53.jpg,Parvovirus in Dog
Image_49.jpg,Parvovirus in Dog
Image_10.jpg,Parvovirus in Dog
Image_45.jpg,Parvovirus in Dog
Image_21.jpg,Parvovirus in Dog
Image_80.jpg,Parvovirus in Dog
Image_19.jpg,Parvovirus in Dog
Image_17.jpg,Parvovirus in Dog
Image_33.png,Skin Allergy in Cat
Image_35.png,Skin Allergy in Cat
Image_76.jpg,Skin Allergy in Cat
Image_91.jpg,Skin Allergy in Cat
Image_24.png,Skin Allergy in Cat
Image_42.jpg,Skin Allergy in Cat
Image_62.jpg,Skin Allergy in Cat
Image_41.jpg,Skin Allergy in Cat
Image_48.jpg,Skin Allergy in Cat
Image_54.jpg,Skin Allergy in Cat
Image_85.jpg,Skin Allergy in Cat
Image_47.jpg,Skin Allergy in Cat
Image_71.jpg,Skin Allergy in Cat
Image_51.jpg,Skin Allergy in Cat
Image_29.jpg,Skin Allergy in Cat
Image_64.png,Skin Allergy in Cat
Image_39.jpg,Skin Allergy in Cat
Image_39.png,Skin Allergy in Cat
Image_35.jpg,Skin Allergy in Cat
Image_34.jpg,Skin Allergy in Cat
Image_46.png,Skin Allergy in Cat
Image_30.jpg,Skin Allergy in Cat
Image_37.jpg,Skin Allergy in Cat
Image_9.jpg,Skin Allergy in Cat
Image_83.jpg,Skin Allergy in Cat
Image_12.jpg,Skin Allergy in Cat
Image_55.jpg,Skin Allergy in Cat
Image_84.png,Skin Allergy in Cat
Image_52.jpg,Skin Allergy in Cat
Image_93.jpg,Skin Allergy in Cat
Image_25.jpg,Skin Allergy in Cat
Image_73.jpg,Skin Allergy in Cat
Image_7.jpg,Skin Allergy in Cat
Image_19.png,Skin Allergy in Cat
Image_31.png,Skin Allergy in Cat
Image_2.jpg,Skin Allergy in Cat
Image_22.jpg,Skin Allergy in Cat
Image_66.jpg,Skin Allergy in Cat
Image_82.jpg,Skin Allergy in Cat
Image_6.jpg,Skin Allergy in Cat
Image_40.jpg,Skin Allergy in Cat
Image_33.jpg,Skin Allergy in Cat
Image_81.jpg,Skin Allergy in Cat
Image_11.jpg,Skin Allergy in Cat
Image_59.jpg,Skin Allergy in Cat
Image_61.jpg,Skin Allergy in Cat
Image_36.png,Skin Allergy in Cat
Image_36.jpg,Skin Allergy in Cat
Image_50.jpg,Skin Allergy in Cat
Image_70.jpg,Skin Allergy in Cat
Image_77.jpg,Skin Allergy in Cat
Image_63.jpg,Skin Allergy in Cat
Image_75.jpg,Skin Allergy in Cat
Image_43.jpg,Skin Allergy in Cat
Image_46.jpg,Skin Allergy in Cat
Image_90.jpg,Skin Allergy in Cat
Image_58.jpg,Skin Allergy in Cat
Image_8.jpg,Skin Allergy in Cat
Image_44.jpg,Skin Allergy in Cat
Image_3.jpg,Skin Allergy in Cat
Image_24.jpg,Skin Allergy in Cat
Image_1.jpg,Skin Allergy in Cat
Image_74.jpg,Skin Allergy in Cat
Image_80.jpeg,Skin Allergy in Cat
Image_27.jpg,Skin Allergy in Cat
Image_20.jpg,Skin Allergy in Cat
Image_16.jpg,Skin Allergy in Cat
Image_99.jpg,Skin Allergy in Cat
Image_23.jpg,Skin Allergy in Cat
Image_56.jpg,Skin Allergy in Cat
Image_67.jpg,Skin Allergy in Cat
Image_14.jpg,Skin Allergy in Cat
Image_28.png,Skin Allergy in Cat
Image_68.jpg,Skin Allergy in Cat
Image_28.jpg,Skin Allergy in Cat
Image_86.jpg,Skin Allergy in Cat
Image_15.png,Skin Allergy in Cat
Image_88.jpg,Skin Allergy in Cat
Image_23.png,Skin Allergy in Cat
Image_89.jpg,Skin Allergy in Cat
Image_31.jpg,Skin Allergy in Cat
Image_72.png,Skin Allergy in Cat
Image_22.png,Skin Allergy in Cat
Image_53.jpg,Skin Allergy in Cat
Image_87.jpeg,Skin Allergy in Cat
Image_49.jpg,Skin Allergy in Cat
Image_13.jpg,Skin Allergy in Cat
Image_10.jpg,Skin Allergy in Cat
Image_45.jpg,Skin Allergy in Cat
Image_60.png,Skin Allergy in Cat
Image_68.png,Dental Disease in Cat
Image_76.jpg,Dental Disease in Cat
Image_24.png,Dental Disease in Cat
Image_62.jpg,Dental Disease in Cat
Image_41.jpg,Dental Disease in Cat
Image_26.jpg,Dental Disease in Cat
Image_54.jpg,Dental Disease in Cat
Image_85.jpg,Dental Disease in Cat
Image_47.jpg,Dental Disease in Cat
Image_51.jpg,Dental Disease in Cat
Image_29.jpg,Dental Disease in Cat
Image_39.png,Dental Disease in Cat
Image_65.jpg,Dental Disease in Cat
Image_11.jpeg,Dental Disease in Cat
Image_35.jpg,Dental Disease in Cat
Image_34.jpg,Dental Disease in Cat
Image_30.jpg,Dental Disease in Cat
Image_37.jpg,Dental Disease in Cat
Image_12.jpg,Dental Disease in Cat
Image_55.jpg,Dental Disease in Cat
Image_84.jpg,Dental Disease in Cat
Image_49.png,Dental Disease in Cat
Image_25.jpg,Dental Disease in Cat
Image_73.jpg,Dental Disease in Cat
Image_7.jpg,Dental Disease in Cat
Image_2.jpg,Dental Disease in Cat
Image_22.jpg,Dental Disease in Cat
Image_66.jpg,Dental Disease in Cat
Image_82.jpg,Dental Disease in Cat
Image_6.jpg,Dental Disease in Cat
Image_40.jpg,Dental Disease in Cat
Image_59.png,Dental Disease in Cat
Image_61.jpg,Dental Disease in Cat
Image_36.png,Dental Disease in Cat
Image_36.jpg,Dental Disease in Cat
Image_60.jpg,Dental Disease in Cat
Image_50.jpg,Dental Disease in Cat
Image_69.jpg,Dental Disease in Cat
Image_70.jpg,Dental Disease in Cat
Image_77.jpg,Dental Disease in Cat
Image_4.jpg,Dental Disease in Cat
Image_63.jpg,Dental Disease in Cat
Image_8.jpeg,Dental Disease in Cat
Image_71.png,Dental Disease in Cat
Image_43.jpg,Dental Disease in Cat
Image_46.jpg,Dental Disease in Cat
Image_87.png,Dental Disease in Cat
Image_58.jpg,Dental Disease in Cat
Image_44.jpg,Dental Disease in Cat
Image_3.jpg,Dental Disease in Cat
Image_64.jpg,Dental Disease in Cat
Image_27.jpg,Dental Disease in Cat
Image_74.png,Dental Disease in Cat
Image_20.jpg,Dental Disease in Cat
Image_23.jpg,Dental Disease in Cat
Image_56.jpg,Dental Disease in Cat
Image_67.jpg,Dental Disease in Cat
Image_14.jpg,Dental Disease in Cat
Image_52.png,Dental Disease in Cat
Image_9.png,Dental Disease in Cat
Image_5.png,Dental Disease in Cat
Image_28.jpg,Dental Disease in Cat
Image_83.png,Dental Disease in Cat
Image_57.jpg,Dental Disease in Cat
Image_15.png,Dental Disease in Cat
Image_31.jpg,Dental Disease in Cat
Image_72.png,Dental Disease in Cat
Image_53.jpg,Dental Disease in Cat
Image_49.jpg,Dental Disease in Cat
Image_10.jpg,Dental Disease in Cat
Image_45.jpg,Dental Disease in Cat
Image_80.jpg,Dental Disease in Cat
Image_19.jpg,Dental Disease in Cat
Image_17.jpg,Dental Disease in Cat
Image_76.jpg,Skin Allergy in Dog
Image_100.jpg,Skin Allergy in Dog
Image_91.jpg,Skin Allergy in Dog
Image_41.png,Skin Allergy in Dog
Image_78.jpg,Skin Allergy in Dog
Image_24.png,Skin Allergy in Dog
Image_62.jpg,Skin Allergy in Dog
Image_41.jpg,Skin Allergy in Dog
Image_48.jpg,Skin Allergy in Dog
Image_26.jpg,Skin Allergy in Dog
Image_54.jpg,Skin Allergy in Dog
Image_85.jpg,Skin Allergy in Dog
Image_47.jpg,Skin Allergy in Dog
Image_96.jpg,Skin Allergy in Dog
Image_71.jpg,Skin Allergy in Dog
Image_23.jpeg,Skin Allergy in Dog
Image_51.jpg,Skin Allergy in Dog
Image_29.jpg,Skin Allergy in Dog
Image_39.jpg,Skin Allergy in Dog
Image_32.jpg,Skin Allergy in Dog
Image_40.png,Skin Allergy in Dog
Image_15.jpeg,Skin Allergy in Dog
Image_98.jpg,Skin Allergy in Dog
Image_35.jpg,Skin Allergy in Dog
Image_34.jpg,Skin Allergy in Dog
Image_30.jpg,Skin Allergy in Dog
Image_37.jpg,Skin Allergy in Dog
Image_83.jpg,Skin Allergy in Dog
Image_55.jpg,Skin Allergy in Dog
Image_72.jpg,Skin Allergy in Dog
Image_52.jpg,Skin Allergy in Dog
Image_73.jpg,Skin Allergy in Dog
Image_7.jpg,Skin Allergy in Dog
Image_2.jpg,Skin Allergy in Dog
Image_79.jpg,Skin Allergy in Dog
Image_66.jpg,Skin Allergy in Dog
Image_6.png,Skin Allergy in Dog
Image_40.jpg,Skin Allergy in Dog
Image_33.jpg,Skin Allergy in Dog
Image_59.png,Skin Allergy in Dog
Image_94.jpg,Skin Allergy in Dog
Image_11.jpg,Skin Allergy in Dog
Image_61.jpg,Skin Allergy in Dog
Image_36.png,Skin Allergy in Dog
Image_36.jpg,Skin Allergy in Dog
Image_8.png,Skin Allergy in Dog
Image_60.jpg,Skin Allergy in Dog
Image_50.jpg,Skin Allergy in Dog
Image_87.jpg,Skin Allergy in Dog
Image_70.jpg,Skin Allergy in Dog
Image_77.jpg,Skin Allergy in Dog
Image_4.jpg,Skin Allergy in Dog
Image_63.jpg,Skin Allergy in Dog
Image_69.png,Skin Allergy in Dog
Image_75.jpg,Skin Allergy in Dog
Image_18.jpg,Skin Allergy in Dog
Image_43.jpg,Skin Allergy in Dog
Image_16.jpeg,Skin Allergy in Dog
Image_25.png,Skin Allergy in Dog
Image_46.jpg,Skin Allergy in Dog
Image_97.jpg,Skin Allergy in Dog
Image_90.jpg,Skin Allergy in Dog
Image_58.jpg,Skin Allergy in Dog
Image_8.jpg,Skin Allergy in Dog
Image_26.png,Skin Allergy in Dog
Image_44.jpg,Skin Allergy in Dog
Image_3.jpg,Skin Allergy in Dog
Image_24.jpg,Skin Allergy in Dog
Image_1.jpg,Skin Allergy in Dog
Image_74.jpg,Skin Allergy in Dog
Image_18.png,Skin Allergy in Dog
Image_64.jpg,Skin Allergy in Dog
Image_27.jpg,Skin Allergy in Dog
Image_38.jpg,Skin Allergy in Dog
Image_20.jpg,Skin Allergy in Dog
Image_14.jpeg,Skin Allergy in Dog
Image_16.jpg,Skin Allergy in Dog
Image_99.jpg,Skin Allergy in Dog
Image_23.jpg,Skin Allergy in Dog
Image_56.jpg,Skin Allergy in Dog
Image_95.jpg,Skin Allergy in Dog
Image_67.jpg,Skin Allergy in Dog
Image_37.png,Skin Allergy in Dog
Image_5.png,Skin Allergy in Dog
Image_68.jpg,Skin Allergy in Dog
Image_28.jpg,Skin Allergy in Dog
Image_57.jpg,Skin Allergy in Dog
Image_88.jpg,Skin Allergy in Dog
Image_92.jpg,Skin Allergy in Dog
Image_31.jpg,Skin Allergy in Dog
Image_53.jpg,Skin Allergy in Dog
Image_49.jpg,Skin Allergy in Dog
Image_13.jpg,Skin Allergy in Dog
Image_10.jpg,Skin Allergy in Dog
Image_45.jpg,Skin Allergy in Dog
Image_21.jpg,Skin Allergy in Dog
Image_80.jpg,Skin Allergy in Dog
Image_17.jpg,Skin Allergy in Dog
Image_10.jpeg,Distemper in Dog
Image_76.jpg,Distemper in Dog
Image_100.jpg,Distemper in Dog
Image_78.jpg,Distemper in Dog
Image_42.jpg,Distemper in Dog
Image_54.jpeg,Distemper in Dog
Image_62.jpg,Distemper in Dog
Image_2.png,Distemper in Dog
Image_26.jpg,Distemper in Dog
Image_47.jpg,Distemper in Dog
Image_51.jpg,Distemper in Dog
Image_65.jpg,Distemper in Dog
Image_98.jpg,Distemper in Dog
Image_34.jpg,Distemper in Dog
Image_30.jpg,Distemper in Dog
Image_3.png,Distemper in Dog
Image_12.jpg,Distemper in Dog
Image_49.png,Distemper in Dog
Image_52.jpg,Distemper in Dog
Image_7.jpg,Distemper in Dog
Image_31.png,Distemper in Dog
Image_79.jpg,Distemper in Dog
Image_82.jpg,Distemper in Dog
Image_40.jpg,Distemper in Dog
Image_11.jpg,Distemper in Dog
Image_59.jpg,Distemper in Dog
Image_61.jpg,Distemper in Dog
Image_60.jpg,Distemper in Dog
Image_87.jpg,Distemper in Dog
Image_77.jpg,Distemper in Dog
Image_63.jpg,Distemper in Dog
Image_75.jpg,Distemper in Dog
Image_9.jpeg,Distemper in Dog
Image_18.jpg,Distemper in Dog
Image_43.jpg,Distemper in Dog
Image_46.jpg,Distemper in Dog
Image_90.jpg,Distemper in Dog
Image_58.jpg,Distemper in Dog
Image_8.jpg,Distemper in Dog
Image_1.jpg,Distemper in Dog
Image_74.jpg,Distemper in Dog
Image_27.jpg,Distemper in Dog
Image_20.jpg,Distemper in Dog
Image_56.jpg,Distemper in Dog
Image_67.jpg,Distemper in Dog
Image_15.jpg,Distemper in Dog
Image_28.png,Distemper in Dog
Image_68.jpg,Distemper in Dog
Image_28.jpg,Distemper in Dog
Image_57.jpg,Distemper in Dog
Image_69.jpeg,Distemper in Dog
Image_13.jpg,Distemper in Dog
Image_5.jpg,Distemper in Dog
Image_21.jpg,Distemper in Dog
Image_19.jpg,Distemper in Dog
Image_17.jpg,Distemper in Dog
Image_33.png,Eye Infection in Dog
Image_76.jpg,Eye Infection in Dog
Image_42.jpg,Eye Infection in Dog
Image_41.jpg,Eye Infection in Dog
Image_48.jpg,Eye Infection in Dog
Image_26.jpg,Eye Infection in Dog
Image_47.jpg,Eye Infection in Dog
Image_96.jpg,Eye Infection in Dog
Image_51.jpg,Eye Infection in Dog
Image_29.jpg,Eye Infection in Dog
Image_39.jpg,Eye Infection in Dog
Image_89.jpeg,Eye Infection in Dog
Image_35.jpg,Eye Infection in Dog
Image_34.jpg,Eye Infection in Dog
Image_30.jpg,Eye Infection in Dog
Image_37.jpg,Eye Infection in Dog
Image_9.jpg,Eye Infection in Dog
Image_12.jpg,Eye Infection in Dog
Image_55.jpg,Eye Infection in Dog
Image_84.jpg,Eye Infection in Dog
Image_52.jpg,Eye Infection in Dog
Image_25.jpg,Eye Infection in Dog
Image_73.jpg,Eye Infection in Dog
Image_7.jpg,Eye Infection in Dog
Image_2.jpg,Eye Infection in Dog
Image_30.png,Eye Infection in Dog
Image_22.jpg,Eye Infection in Dog
Image_75.png,Eye Infection in Dog
Image_33.jpg,Eye Infection in Dog
Image_11.jpg,Eye Infection in Dog
Image_59.jpg,Eye Infection in Dog
Image_36.jpg,Eye Infection in Dog
Image_60.jpg,Eye Infection in Dog
Image_50.jpg,Eye Infection in Dog
Image_69.jpg,Eye Infection in Dog
Image_4.jpg,Eye Infection in Dog
Image_63.jpg,Eye Infection in Dog
Image_43.jpg,Eye Infection in Dog
Image_8.jpg,Eye Infection in Dog
Image_44.jpg,Eye Infection in Dog
Image_3.jpg,Eye Infection in Dog
Image_1.jpg,Eye Infection in Dog
Image_74.jpg,Eye Infection in Dog
Image_18.png,Eye Infection in Dog
Image_64.jpg,Eye Infection in Dog
Image_27.jpg,Eye Infection in Dog
Image_38.jpg,Eye Infection in Dog
Image_24.jpeg,Eye Infection in Dog
Image_20.jpg,Eye Infection in Dog
Image_23.jpg,Eye Infection in Dog
Image_56.jpg,Eye Infection in Dog
Image_14.jpg,Eye Infection in Dog
Image_15.jpg,Eye Infection in Dog
Image_68.jpg,Eye Infection in Dog
Image_28.jpg,Eye Infection in Dog
Image_31.jpg,Eye Infection in Dog
Image_53.jpg,Eye Infection in Dog
Image_49.jpg,Eye Infection in Dog
Image_13.jpg,Eye Infection in Dog
Image_16.png,Eye Infection in Dog
Image_5.jpg,Eye Infection in Dog
Image_10.jpg,Eye Infection in Dog
Image_45.jpg,Eye Infection in Dog
Image_21.jpg,Eye Infection in Dog
Image_19.jpg,Eye Infection in Dog
Image_17.jpg,Eye Infection in Dog
Image_76.jpg,Fungal Infection in Cat
Image_100.jpg,Fungal Infection in Cat
Image_34.jpeg,Fungal Infection in Cat
Image_78.jpg,Fungal Infection in Cat
Image_42.jpg,Fungal Infection in Cat
Image_62.jpg,Fungal Infection in Cat
Image_41.jpg,Fungal Infection in Cat
Image_94.jpeg,Fungal Infection in Cat
Image_54.jpg,Fungal Infection in Cat
Image_85.jpg,Fungal Infection in Cat
Image_47.jpg,Fungal Infection in Cat
Image_71.jpg,Fungal Infection in Cat
Image_51.jpg,Fungal Infection in Cat
Image_29.jpg,Fungal Infection in Cat
Image_39.jpg,Fungal Infection in Cat
Image_32.jpg,Fungal Infection in Cat
Image_65.jpg,Fungal Infection in Cat
Image_35.jpg,Fungal Infection in Cat
Image_34.jpg,Fungal Infection in Cat
Image_30.jpg,Fungal Infection in Cat
Image_37.jpg,Fungal Infection in Cat
Image_9.jpg,Fungal Infection in Cat
Image_83.jpg,Fungal Infection in Cat
Image_12.jpg,Fungal Infection in Cat
Image_84.jpg,Fungal Infection in Cat
Image_55.jpeg,Fungal Infection in Cat
Image_52.jpg,Fungal Infection in Cat
Image_93.jpg,Fungal Infection in Cat
Image_35.jpeg,Fungal Infection in Cat
Image_25.jpg,Fungal Infection in Cat
Image_73.jpg,Fungal Infection in Cat
Image_32.jpeg,Fungal Infection in Cat
Image_2.jpg,Fungal Infection in Cat
Image_22.jpg,Fungal Infection in Cat
Image_79.jpg,Fungal Infection in Cat
Image_6.jpg,Fungal Infection in Cat
Image_40.jpg,Fungal Infection in Cat
Image_96.png,Fungal Infection in Cat
Image_33.jpg,Fungal Infection in Cat
Image_50.jpg,Fungal Infection in Cat
Image_4.jpeg,Fungal Infection in Cat
Image_87.jpg,Fungal Infection in Cat
Image_69.jpg,Fungal Infection in Cat
Image_70.jpg,Fungal Infection in Cat
Image_33.jpeg,Fungal Infection in Cat
Image_77.jpg,Fungal Infection in Cat
Image_63.jpg,Fungal Infection in Cat
Image_43.jpg,Fungal Infection in Cat
Image_46.jpg,Fungal Infection in Cat
Image_66.jpeg,Fungal Infection in Cat
Image_8.jpg,Fungal Infection in Cat
Image_44.jpg,Fungal Infection in Cat
Image_3.jpg,Fungal Infection in Cat
Image_24.jpg,Fungal Infection in Cat
Image_1.jpg,Fungal Infection in Cat
Image_74.jpg,Fungal Infection in Cat
Image_18.png,Fungal Infection in Cat
Image_64.jpg,Fungal Infection in Cat
Image_27.jpg,Fungal Infection in Cat
Image_38.jpg,Fungal Infection in Cat
Image_58.png,Fungal Infection in Cat
Image_20.jpg,Fungal Infection in Cat
Image_14.jpeg,Fungal Infection in Cat
Image_16.jpg,Fungal Infection in Cat
Image_23.jpg,Fungal Infection in Cat
Image_56.jpg,Fungal Infection in Cat
Image_95.jpg,Fungal Infection in Cat
Image_67.jpg,Fungal Infection in Cat
Image_15.jpg,Fungal Infection in Cat
Image_72.jpeg,Fungal Infection in Cat
Image_68.jpg,Fungal Infection in Cat
Image_28.jpg,Fungal Infection in Cat
Image_86.jpg,Fungal Infection in Cat
Image_88.jpg,Fungal Infection in Cat
Image_7.jpeg,Fungal Infection in Cat
Image_53.jpg,Fungal Infection in Cat
Image_49.jpg,Fungal Infection in Cat
Image_13.jpg,Fungal Infection in Cat
Image_5.jpg,Fungal Infection in Cat
Image_10.jpg,Fungal Infection in Cat
Image_19.jpg,Fungal Infection in Cat
Image_33.png,Feline Panleukopenia
Image_76.jpg,Feline Panleukopenia
Image_78.jpg,Feline Panleukopenia
Image_41.jpg,Feline Panleukopenia
Image_26.jpg,Feline Panleukopenia
Image_54.jpg,Feline Panleukopenia
Image_85.jpg,Feline Panleukopenia
Image_47.jpg,Feline Panleukopenia
Image_96.jpg,Feline Panleukopenia
Image_71.jpg,Feline Panleukopenia
Image_51.jpg,Feline Panleukopenia
Image_53.png,Feline Panleukopenia
Image_29.jpg,Feline Panleukopenia
Image_39.jpg,Feline Panleukopenia
Image_32.jpg,Feline Panleukopenia
Image_40.png,Feline Panleukopenia
Image_35.jpg,Feline Panleukopenia
Image_34.jpg,Feline Panleukopenia
Image_30.jpg,Feline Panleukopenia
Image_12.jpg,Feline Panleukopenia
Image_55.jpg,Feline Panleukopenia
Image_84.jpg,Feline Panleukopenia
Image_25.jpg,Feline Panleukopenia
Image_73.jpg,Feline Panleukopenia
Image_7.jpg,Feline Panleukopenia
Image_22.jpg,Feline Panleukopenia
Image_79.jpg,Feline Panleukopenia
Image_66.jpg,Feline Panleukopenia
Image_6.jpg,Feline Panleukopenia
Image_81.png,Feline Panleukopenia
Image_40.jpg,Feline Panleukopenia
Image_33.jpg,Feline Panleukopenia
Image_94.jpg,Feline Panleukopenia
Image_61.jpg,Feline Panleukopenia
Image_36.jpg,Feline Panleukopenia
Image_50.jpg,Feline Panleukopenia
Image_42.png,Feline Panleukopenia
Image_63.jpg,Feline Panleukopenia
Image_75.jpg,Feline Panleukopenia
Image_46.jpg,Feline Panleukopenia
Image_58.jpg,Feline Panleukopenia
Image_8.jpg,Feline Panleukopenia
Image_3.jpg,Feline Panleukopenia
Image_24.jpg,Feline Panleukopenia
Image_74.jpg,Feline Panleukopenia
Image_20.jpg,Feline Panleukopenia
Image_16.jpg,Feline Panleukopenia
Image_95.jpg,Feline Panleukopenia
Image_14.jpg,Feline Panleukopenia
Image_5.png,Feline Panleukopenia
Image_28.jpg,Feline Panleukopenia
Image_57.jpg,Feline Panleukopenia
Image_88.jpg,Feline Panleukopenia
Image_72.png,Feline Panleukopenia
Image_13.jpg,Feline Panleukopenia
Image_21.jpg,Feline Panleukopenia
Image_17.jpg,Feline Panleukopenia
Image_33.png,Urinary Tract Infection in Cat
Image_100.jpg,Urinary Tract Infection in Cat
Image_91.jpg,Urinary Tract Infection in Cat
Image_26.jpg,Urinary Tract Infection in Cat
Image_54.jpg,Urinary Tract Infection in Cat
Image_96.jpg,Urinary Tract Infection in Cat
Image_71.jpg,Urinary Tract Infection in Cat
Image_7.png,Urinary Tract Infection in Cat
Image_73.png,Urinary Tract Infection in Cat
Image_98.jpg,Urinary Tract Infection in Cat
Image_30.jpg,Urinary Tract Infection in Cat
Image_9.jpg,Urinary Tract Infection in Cat
Image_83.jpg,Urinary Tract Infection in Cat
Image_12.jpg,Urinary Tract Infection in Cat
Image_55.jpg,Urinary Tract Infection in Cat
Image_72.jpg,Urinary Tract Infection in Cat
Image_52.jpg,Urinary Tract Infection in Cat
Image_93.jpg,Urinary Tract Infection in Cat
Image_25.jpg,Urinary Tract Infection in Cat
Image_79.jpg,Urinary Tract Infection in Cat
Image_66.jpg,Urinary Tract Infection in Cat
Image_82.jpg,Urinary Tract Infection in Cat
Image_40.jpg,Urinary Tract Infection in Cat
Image_81.jpg,Urinary Tract Infection in Cat
Image_94.jpg,Urinary Tract Infection in Cat
Image_11.jpg,Urinary Tract Infection in Cat
Image_59.jpg,Urinary Tract Infection in Cat
Image_36.png,Urinary Tract Infection in Cat
Image_60.jpg,Urinary Tract Infection in Cat
Image_69.jpg,Urinary Tract Infection in Cat
Image_70.jpg,Urinary Tract Infection in Cat
Image_77.jpg,Urinary Tract Infection in Cat
Image_78.jpeg,Urinary Tract Infection in Cat
Image_46.jpg,Urinary Tract Infection in Cat
Image_97.jpg,Urinary Tract Infection in Cat
Image_87.png,Urinary Tract Infection in Cat
Image_90.jpg,Urinary Tract Infection in Cat
Image_58.jpg,Urinary Tract Infection in Cat
Image_44.jpg,Urinary Tract Infection in Cat
Image_3.jpg,Urinary Tract Infection in Cat
Image_24.jpg,Urinary Tract Infection in Cat
Image_64.jpg,Urinary Tract Infection in Cat
Image_38.jpg,Urinary Tract Infection in Cat
Image_20.jpg,Urinary Tract Infection in Cat
Image_99.jpg,Urinary Tract Infection in Cat
Image_56.jpg,Urinary Tract Infection in Cat
Image_95.jpg,Urinary Tract Infection in Cat
Image_67.jpg,Urinary Tract Infection in Cat
Image_76.png,Urinary Tract Infection in Cat
Image_27.png,Urinary Tract Infection in Cat
Image_86.jpg,Urinary Tract Infection in Cat
Image_88.jpg,Urinary Tract Infection in Cat
Image_89.jpg,Urinary Tract Infection in Cat
Image_92.jpg,Urinary Tract Infection in Cat
Image_31.jpg,Urinary Tract Infection in Cat
Image_49.jpg,Urinary Tract Infection in Cat
Image_10.jpg,Urinary Tract Infection in Cat
Image_80.jpg,Urinary Tract Infection in Cat
Image_76.jpg,Eye Infection in Cat
Image_100.jpg,Eye Infection in Cat
Image_41.png,Eye Infection in Cat
Image_78.jpg,Eye Infection in Cat
Image_42.jpg,Eye Infection in Cat
Image_94.jpeg,Eye Infection in Cat
Image_54.png,Eye Infection in Cat
Image_48.jpg,Eye Infection in Cat
Image_26.jpg,Eye Infection in Cat
Image_85.jpg,Eye Infection in Cat
Image_47.jpg,Eye Infection in Cat
Image_71.jpg,Eye Infection in Cat
Image_51.jpg,Eye Infection in Cat
Image_29.jpg,Eye Infection in Cat
Image_39.jpg,Eye Infection in Cat
Image_32.jpg,Eye Infection in Cat
Image_65.jpg,Eye Infection in Cat
Image_35.jpg,Eye Infection in Cat
Image_34.jpg,Eye Infection in Cat
Image_30.jpg,Eye Infection in Cat
Image_37.jpg,Eye Infection in Cat
Image_83.jpg,Eye Infection in Cat
Image_12.jpg,Eye Infection in Cat
Image_55.jpg,Eye Infection in Cat
Image_72.jpg,Eye Infection in Cat
Image_52.jpg,Eye Infection in Cat
Image_25.jpg,Eye Infection in Cat
Image_73.jpg,Eye Infection in Cat
Image_7.jpg,Eye Infection in Cat
Image_31.jpeg,Eye Infection in Cat
Image_79.jpg,Eye Infection in Cat
Image_66.jpg,Eye Infection in Cat
Image_6.jpg,Eye Infection in Cat
Image_77.png,Eye Infection in Cat
Image_40.jpg,Eye Infection in Cat
Image_96.png,Eye Infection in Cat
Image_33.jpg,Eye Infection in Cat
Image_11.jpg,Eye Infection in Cat
Image_59.jpg,Eye Infection in Cat
Image_61.jpg,Eye Infection in Cat
Image_36.png,Eye Infection in Cat
Image_60.jpg,Eye Infection in Cat
Image_50.jpg,Eye Infection in Cat
Image_69.jpg,Eye Infection in Cat
Image_4.jpg,Eye Infection in Cat
Image_75.jpg,Eye Infection in Cat
Image_92.jpeg,Eye Infection in Cat
Image_18.jpg,Eye Infection in Cat
Image_43.jpg,Eye Infection in Cat
Image_46.jpg,Eye Infection in Cat
Image_2.jpeg,Eye Infection in Cat
Image_97.jpg,Eye Infection in Cat
Image_90.jpg,Eye Infection in Cat
Image_58.jpg,Eye Infection in Cat
Image_8.jpg,Eye Infection in Cat
Image_44.jpg,Eye Infection in Cat
Image_1.jpg,Eye Infection in Cat
Image_74.jpg,Eye Infection in Cat
Image_64.jpg,Eye Infection in Cat
Image_27.jpg,Eye Infection in Cat
Image_38.jpg,Eye Infection in Cat
Image_20.jpg,Eye Infection in Cat
Image_23.jpg,Eye Infection in Cat
Image_56.jpg,Eye Infection in Cat
Image_95.jpg,Eye Infection in Cat
Image_9.png,Eye Infection in Cat
Image_15.jpg,Eye Infection in Cat
Image_28.jpg,Eye Infection in Cat
Image_86.jpg,Eye Infection in Cat
Image_53.jpg,Eye Infection in Cat
Image_49.jpg,Eye Infection in Cat
Image_13.jpg,Eye Infection in Cat
Image_16.png,Eye Infection in Cat
Image_5.jpg,Eye Infection in Cat
Image_10.jpg,Eye Infection in Cat
Image_45.jpg,Eye Infection in Cat
Image_3.jpeg,Eye Infection in Cat
Image_80.jpg,Eye Infection in Cat
Image_19.jpg,Eye Infection in Cat
Image_17.jpg,Eye Infection in Cat
Image_76.jpg,Feline Leukemia
Image_91.jpg,Feline Leukemia
Image_62.jpg,Feline Leukemia
Image_48.jpg,Feline Leukemia
Image_26.jpg,Feline Leukemia
Image_54.jpg,Feline Leukemia
Image_47.jpg,Feline Leukemia
Image_96.jpg,Feline Leukemia
Image_46.jpeg,Feline Leukemia
Image_100.png,Feline Leukemia
Image_29.jpg,Feline Leukemia
Image_32.jpg,Feline Leukemia
Image_65.jpg,Feline Leukemia
Image_98.jpg,Feline Leukemia
Image_30.jpg,Feline Leukemia
Image_9.jpg,Feline Leukemia
Image_83.jpg,Feline Leukemia
Image_12.jpg,Feline Leukemia
Image_55.jpg,Feline Leukemia
Image_72.jpg,Feline Leukemia
Image_25.jpg,Feline Leukemia
Image_7.jpg,Feline Leukemia
Image_51.png,Feline Leukemia
Image_22.jpg,Feline Leukemia
Image_66.jpg,Feline Leukemia
Image_82.jpg,Feline Leukemia
Image_33.jpg,Feline Leukemia
Image_94.jpg,Feline Leukemia
Image_8.png,Feline Leukemia
Image_60.jpg,Feline Leukemia
Image_50.jpg,Feline Leukemia
Image_77.jpg,Feline Leukemia
Image_4.jpg,Feline Leukemia
Image_63.jpg,Feline Leukemia
Image_75.jpg,Feline Leukemia
Image_92.jpeg,Feline Leukemia
Image_43.jpg,Feline Leukemia
Image_46.jpg,Feline Leukemia
Image_97.jpg,Feline Leukemia
Image_58.jpg,Feline Leukemia
Image_3.jpg,Feline Leukemia
Image_24.jpg,Feline Leukemia
Image_74.jpg,Feline Leukemia
Image_64.jpg,Feline Leukemia
Image_27.jpg,Feline Leukemia
Image_38.jpg,Feline Leukemia
Image_20.jpg,Feline Leukemia
Image_16.jpg,Feline Leukemia
Image_23.jpg,Feline Leukemia
Image_14.jpg,Feline Leukemia
Image_52.png,Feline Leukemia
Image_15.jpg,Feline Leukemia
Image_57.jpg,Feline Leukemia
Image_89.jpg,Feline Leukemia
Image_31.jpg,Feline Leukemia
Image_53.jpg,Feline Leukemia
Image_56.jpeg,Feline Leukemia
Image_21.jpg,Feline Leukemia
Image_80.jpg,Feline Leukemia
Image_17.jpg,Feline Leukemia
Image_76.jpg,Tick Infestation in Dog
Image_100.jpg,Tick Infestation in Dog
Image_78.jpg,Tick Infestation in Dog
Image_42.jpg,Tick Infestation in Dog
Image_62.jpg,Tick Infestation in Dog
Image_41.jpg,Tick Infestation in Dog
Image_48.jpg,Tick Infestation in Dog
Image_26.jpg,Tick Infestation in Dog
Image_54.jpg,Tick Infestation in Dog
Image_85.jpg,Tick Infestation in Dog
Image_47.jpg,Tick Infestation in Dog
Image_71.jpg,Tick Infestation in Dog
Image_51.jpg,Tick Infestation in Dog
Image_29.jpg,Tick Infestation in Dog
Image_35.jpg,Tick Infestation in Dog
Image_34.jpg,Tick Infestation in Dog
Image_70.jpeg,Tick Infestation in Dog
Image_30.jpg,Tick Infestation in Dog
Image_9.jpg,Tick Infestation in Dog
Image_83.jpg,Tick Infestation in Dog
Image_12.jpg,Tick Infestation in Dog
Image_55.jpg,Tick Infestation in Dog
Image_72.jpg,Tick Infestation in Dog
Image_61.jpeg,Tick Infestation in Dog
Image_84.jpg,Tick Infestation in Dog
Image_49.png,Tick Infestation in Dog
Image_52.jpg,Tick Infestation in Dog
Image_25.jpg,Tick Infestation in Dog
Image_73.jpg,Tick Infestation in Dog
Image_7.jpg,Tick Infestation in Dog
Image_2.jpg,Tick Infestation in Dog
Image_22.jpg,Tick Infestation in Dog
Image_66.jpg,Tick Infestation in Dog
Image_6.jpg,Tick Infestation in Dog
Image_40.jpg,Tick Infestation in Dog
Image_11.jpg,Tick Infestation in Dog
Image_59.jpg,Tick Infestation in Dog
Image_82.png,Tick Infestation in Dog
Image_60.jpg,Tick Infestation in Dog
Image_50.jpg,Tick Infestation in Dog
Image_69.jpg,Tick Infestation in Dog
Image_77.jpg,Tick Infestation in Dog
Image_4.jpg,Tick Infestation in Dog
Image_75.jpg,Tick Infestation in Dog
Image_18.jpg,Tick Infestation in Dog
Image_46.jpg,Tick Infestation in Dog
Image_58.jpg,Tick Infestation in Dog
Image_8.jpg,Tick Infestation in Dog
Image_44.jpg,Tick Infestation in Dog
Image_24.jpg,Tick Infestation in Dog
Image_1.jpg,Tick Infestation in Dog
Image_74.jpg,Tick Infestation in Dog
Image_64.jpg,Tick Infestation in Dog
Image_27.jpg,Tick Infestation in Dog
Image_20.jpg,Tick Infestation in Dog
Image_16.jpg,Tick Infestation in Dog
Image_56.jpg,Tick Infestation in Dog
Image_67.jpg,Tick Infestation in Dog
Image_14.jpg,Tick Infestation in Dog
Image_15.jpg,Tick Infestation in Dog
Image_68.jpg,Tick Infestation in Dog
Image_57.jpg,Tick Infestation in Dog
Image_23.png,Tick Infestation in Dog
Image_92.jpg,Tick Infestation in Dog
Image_53.jpg,Tick Infestation in Dog
Image_87.jpeg,Tick Infestation in Dog
Image_13.jpg,Tick Infestation in Dog
Image_5.jpg,Tick Infestation in Dog
Image_10.jpg,Tick Infestation in Dog
Image_45.jpg,Tick Infestation in Dog
Image_21.jpg,Tick Infestation in Dog
Image_93.png,Tick Infestation in Dog
Image_19.jpg,Tick Infestation in Dog
Image_17.jpg,Tick Infestation in Dog
